Year,Round,Driver,Constructor,GridPosition,Position,Is_DNF,Points
2022,1,LEC,ferrari,1,1,0,26.0
2022,1,SAI,ferrari,3,2,0,18.0
2022,1,HAM,mercedes,5,3,0,15.0
2022,1,RUS,mercedes,9,4,0,12.0
2022,1,MAG,haas,7,5,0,10.0
2022,1,BOT,alfa,6,6,0,8.0
2022,1,OCO,alpine,11,7,0,6.0
2022,1,TSU,alphatauri,16,8,0,4.0
2022,1,ALO,alpine,8,9,0,2.0
2022,1,ZHO,alfa,15,10,0,1.0
2022,1,MSC,haas,12,11,0,0.0
2022,1,STR,aston_martin,19,12,0,0.0
2022,1,ALB,williams,14,13,0,0.0
2022,1,RIC,mclaren,18,14,0,0.0
2022,1,NOR,mclaren,13,15,0,0.0
2022,1,LAT,williams,20,16,0,0.0
2022,1,HUL,aston_martin,17,17,0,0.0
2022,1,PER,red_bull,4,18,1,0.0
2022,1,VER,red_bull,2,19,1,0.0
2022,1,GAS,alphatauri,10,20,1,0.0
2022,2,VER,red_bull,4,1,0,25.0
2022,2,LEC,ferrari,2,2,0,19.0
2022,2,SAI,ferrari,3,3,0,15.0
2022,2,PER,red_bull,1,4,0,12.0
2022,2,RUS,mercedes,6,5,0,10.0
2022,2,OCO,alpine,5,6,0,8.0
2022,2,NOR,mclaren,11,7,0,6.0
2022,2,GAS,alphatauri,9,8,0,4.0
2022,2,MAG,haas,10,9,0,2.0
2022,2,HAM,mercedes,15,10,0,1.0
2022,2,ZHO,alfa,12,11,0,0.0
2022,2,HUL,aston_martin,17,12,0,0.0
2022,2,STR,aston_martin,13,13,0,0.0
2022,2,ALB,williams,16,14,1,0.0
2022,2,BOT,alfa,8,15,1,0.0
2022,2,ALO,alpine,7,16,1,0.0
2022,2,RIC,mclaren,14,17,1,0.0
2022,2,LAT,williams,18,18,1,0.0
2022,2,TSU,alphatauri,19,19,1,0.0
2022,2,MSC,haas,0,20,1,0.0
2022,3,LEC,ferrari,1,1,0,26.0
2022,3,PER,red_bull,3,2,0,18.0
2022,3,RUS,mercedes,6,3,0,15.0
2022,3,HAM,mercedes,5,4,0,12.0
2022,3,NOR,mclaren,4,5,0,10.0
2022,3,RIC,mclaren,7,6,0,8.0
2022,3,OCO,alpine,8,7,0,6.0
2022,3,BOT,alfa,12,8,0,4.0
2022,3,GAS,alphatauri,11,9,0,2.0
2022,3,ALB,williams,20,10,0,1.0
2022,3,ZHO,alfa,14,11,0,0.0
2022,3,STR,aston_martin,19,12,0,0.0
2022,3,MSC,haas,15,13,0,0.0
2022,3,MAG,haas,16,14,0,0.0
2022,3,TSU,alphatauri,13,15,0,0.0
2022,3,LAT,williams,18,16,0,0.0
2022,3,ALO,alpine,10,17,0,0.0
2022,3,VER,red_bull,2,18,1,0.0
2022,3,VET,aston_martin,17,19,1,0.0
2022,3,SAI,ferrari,9,20,1,0.0
2022,4,VER,red_bull,1,1,0,26.0
2022,4,PER,red_bull,3,2,0,18.0
2022,4,NOR,mclaren,5,3,0,15.0
2022,4,RUS,mercedes,11,4,0,12.0
2022,4,BOT,alfa,7,5,0,10.0
2022,4,LEC,ferrari,2,6,0,8.0
2022,4,TSU,alphatauri,12,7,0,6.0
2022,4,VET,aston_martin,13,8,0,4.0
2022,4,MAG,haas,8,9,0,2.0
2022,4,STR,aston_martin,15,10,0,1.0
2022,4,ALB,williams,18,11,0,0.0
2022,4,GAS,alphatauri,17,12,0,0.0
2022,4,HAM,mercedes,14,13,0,0.0
2022,4,OCO,alpine,16,14,0,0.0
2022,4,ZHO,alfa,0,15,0,0.0
2022,4,LAT,williams,19,16,0,0.0
2022,4,MSC,haas,10,17,0,0.0
2022,4,RIC,mclaren,6,18,0,0.0
2022,4,ALO,alpine,9,19,1,0.0
2022,4,SAI,ferrari,4,20,1,0.0
2022,5,VER,red_bull,3,1,0,26.0
2022,5,LEC,ferrari,1,2,0,18.0
2022,5,SAI,ferrari,2,3,0,15.0
2022,5,PER,red_bull,4,4,0,12.0
2022,5,RUS,mercedes,12,5,0,10.0
2022,5,HAM,mercedes,6,6,0,8.0
2022,5,BOT,alfa,5,7,0,6.0
2022,5,OCO,alpine,20,8,0,4.0
2022,5,ALB,williams,18,9,0,2.0
2022,5,STR,aston_martin,0,10,0,1.0
2022,5,ALO,alpine,11,11,0,0.0
2022,5,TSU,alphatauri,9,12,0,0.0
2022,5,RIC,mclaren,14,13,0,0.0
2022,5,LAT,williams,19,14,0,0.0
2022,5,MSC,haas,15,15,0,0.0
2022,5,MAG,haas,16,16,1,0.0
2022,5,VET,aston_martin,0,17,1,0.0
2022,5,GAS,alphatauri,7,18,1,0.0
2022,5,NOR,mclaren,8,19,1,0.0
2022,5,ZHO,alfa,17,20,1,0.0
2022,6,VER,red_bull,2,1,0,25.0
2022,6,PER,red_bull,5,2,0,19.0
2022,6,RUS,mercedes,4,3,0,15.0
2022,6,SAI,ferrari,3,4,0,12.0
2022,6,HAM,mercedes,6,5,0,10.0
2022,6,BOT,alfa,7,6,0,8.0
2022,6,OCO,alpine,12,7,0,6.0
2022,6,NOR,mclaren,11,8,0,4.0
2022,6,ALO,alpine,20,9,0,2.0
2022,6,TSU,alphatauri,13,10,0,1.0
2022,6,VET,aston_martin,16,11,0,0.0
2022,6,RIC,mclaren,9,12,0,0.0
2022,6,GAS,alphatauri,14,13,0,0.0
2022,6,MSC,haas,10,14,0,0.0
2022,6,STR,aston_martin,17,15,0,0.0
2022,6,LAT,williams,19,16,0,0.0
2022,6,MAG,haas,8,17,0,0.0
2022,6,ALB,williams,18,18,0,0.0
2022,6,ZHO,alfa,15,19,1,0.0
2022,6,LEC,ferrari,1,20,1,0.0
2022,7,PER,red_bull,3,1,0,25.0
2022,7,SAI,ferrari,2,2,0,18.0
2022,7,VER,red_bull,4,3,0,15.0
2022,7,LEC,ferrari,1,4,0,12.0
2022,7,RUS,mercedes,6,5,0,10.0
2022,7,NOR,mclaren,5,6,0,9.0
2022,7,ALO,alpine,7,7,0,6.0
2022,7,HAM,mercedes,8,8,0,4.0
2022,7,BOT,alfa,12,9,0,2.0
2022,7,VET,aston_martin,9,10,0,1.0
2022,7,GAS,alphatauri,17,11,0,0.0
2022,7,OCO,alpine,10,12,0,0.0
2022,7,RIC,mclaren,14,13,0,0.0
2022,7,STR,aston_martin,18,14,0,0.0
2022,7,LAT,williams,19,15,0,0.0
2022,7,ZHO,alfa,20,16,0,0.0
2022,7,TSU,alphatauri,11,17,0,0.0
2022,7,ALB,williams,16,18,1,0.0
2022,7,MSC,haas,15,19,1,0.0
2022,7,MAG,haas,13,20,1,0.0
2022,8,VER,red_bull,3,1,0,25.0
2022,8,PER,red_bull,2,2,0,19.0
2022,8,RUS,mercedes,5,3,0,15.0
2022,8,HAM,mercedes,7,4,0,12.0
2022,8,GAS,alphatauri,6,5,0,10.0
2022,8,VET,aston_martin,9,6,0,8.0
2022,8,ALO,alpine,10,7,0,6.0
2022,8,RIC,mclaren,12,8,0,4.0
2022,8,NOR,mclaren,11,9,0,2.0
2022,8,OCO,alpine,13,10,0,1.0
2022,8,BOT,alfa,15,11,0,0.0
2022,8,ALB,williams,17,12,0,0.0
2022,8,TSU,alphatauri,8,13,0,0.0
2022,8,MSC,haas,20,14,0,0.0
2022,8,LAT,williams,18,15,0,0.0
2022,8,STR,aston_martin,19,16,1,0.0
2022,8,MAG,haas,16,17,1,0.0
2022,8,ZHO,alfa,14,18,1,0.0
2022,8,LEC,ferrari,1,19,1,0.0
2022,8,SAI,ferrari,4,20,1,0.0
2022,9,VER,red_bull,1,1,0,25.0
2022,9,SAI,ferrari,3,2,0,19.0
2022,9,HAM,mercedes,4,3,0,15.0
2022,9,RUS,mercedes,8,4,0,12.0
2022,9,LEC,ferrari,19,5,0,10.0
2022,9,OCO,alpine,7,6,0,8.0
2022,9,BOT,alfa,11,7,0,6.0
2022,9,ZHO,alfa,10,8,0,4.0
2022,9,ALO,alpine,2,9,0,2.0
2022,9,STR,aston_martin,17,10,0,1.0
2022,9,RIC,mclaren,9,11,0,0.0
2022,9,VET,aston_martin,16,12,0,0.0
2022,9,ALB,williams,12,13,0,0.0
2022,9,GAS,alphatauri,15,14,0,0.0
2022,9,NOR,mclaren,14,15,0,0.0
2022,9,LAT,williams,18,16,0,0.0
2022,9,MAG,haas,5,17,0,0.0
2022,9,TSU,alphatauri,20,18,1,0.0
2022,9,MSC,haas,6,19,1,0.0
2022,9,PER,red_bull,13,20,1,0.0
2022,10,SAI,ferrari,1,1,0,25.0
2022,10,PER,red_bull,4,2,0,18.0
2022,10,HAM,mercedes,5,3,0,16.0
2022,10,LEC,ferrari,3,4,0,12.0
2022,10,ALO,alpine,7,5,0,10.0
2022,10,NOR,mclaren,6,6,0,8.0
2022,10,VER,red_bull,2,7,0,6.0
2022,10,MSC,haas,19,8,0,4.0
2022,10,VET,aston_martin,18,9,0,2.0
2022,10,MAG,haas,17,10,0,1.0
2022,10,STR,aston_martin,20,11,0,0.0
2022,10,LAT,williams,10,12,0,0.0
2022,10,RIC,mclaren,14,13,0,0.0
2022,10,TSU,alphatauri,13,14,0,0.0
2022,10,OCO,alpine,15,15,1,0.0
2022,10,GAS,alphatauri,11,16,1,0.0
2022,10,BOT,alfa,12,17,1,0.0
2022,10,RUS,mercedes,8,18,1,0.0
2022,10,ZHO,alfa,9,19,1,0.0
2022,10,ALB,williams,16,20,1,0.0
2022,11,LEC,ferrari,2,1,0,25.0
2022,11,VER,red_bull,1,2,0,19.0
2022,11,HAM,mercedes,8,3,0,15.0
2022,11,RUS,mercedes,4,4,0,12.0
2022,11,OCO,alpine,6,5,0,10.0
2022,11,MSC,haas,9,6,0,8.0
2022,11,NOR,mclaren,10,7,0,6.0
2022,11,MAG,haas,7,8,0,4.0
2022,11,RIC,mclaren,11,9,0,2.0
2022,11,ALO,alpine,19,10,0,1.0
2022,11,BOT,alfa,0,11,0,0.0
2022,11,ALB,williams,15,12,0,0.0
2022,11,STR,aston_martin,12,13,0,0.0
2022,11,ZHO,alfa,13,14,0,0.0
2022,11,GAS,alphatauri,14,15,0,0.0
2022,11,TSU,alphatauri,16,16,0,0.0
2022,11,VET,aston_martin,18,17,0,0.0
2022,11,SAI,ferrari,3,18,1,0.0
2022,11,LAT,williams,17,19,1,0.0
2022,11,PER,red_bull,5,20,1,0.0
2022,12,VER,red_bull,2,1,0,25.0
2022,12,HAM,mercedes,4,2,0,18.0
2022,12,RUS,mercedes,6,3,0,15.0
2022,12,PER,red_bull,3,4,0,12.0
2022,12,SAI,ferrari,19,5,0,11.0
2022,12,ALO,alpine,7,6,0,8.0
2022,12,NOR,mclaren,5,7,0,6.0
2022,12,OCO,alpine,10,8,0,4.0
2022,12,RIC,mclaren,9,9,0,2.0
2022,12,STR,aston_martin,15,10,0,1.0
2022,12,VET,aston_martin,12,11,0,0.0
2022,12,GAS,alphatauri,14,12,0,0.0
2022,12,ALB,williams,13,13,0,0.0
2022,12,BOT,alfa,11,14,0,0.0
2022,12,MSC,haas,17,15,0,0.0
2022,12,ZHO,alfa,16,16,0,0.0
2022,12,LAT,williams,18,17,1,0.0
2022,12,MAG,haas,20,18,1,0.0
2022,12,LEC,ferrari,1,19,1,0.0
2022,12,TSU,alphatauri,8,20,1,0.0
2022,13,VER,red_bull,10,1,0,25.0
2022,13,HAM,mercedes,7,2,0,19.0
2022,13,RUS,mercedes,1,3,0,15.0
2022,13,SAI,ferrari,2,4,0,12.0
2022,13,PER,red_bull,11,5,0,10.0
2022,13,LEC,ferrari,3,6,0,8.0
2022,13,NOR,mclaren,4,7,0,6.0
2022,13,ALO,alpine,6,8,0,4.0
2022,13,OCO,alpine,5,9,0,2.0
2022,13,VET,aston_martin,18,10,0,1.0
2022,13,STR,aston_martin,14,11,0,0.0
2022,13,GAS,alphatauri,0,12,0,0.0
2022,13,ZHO,alfa,12,13,0,0.0
2022,13,MSC,haas,15,14,0,0.0
2022,13,RIC,mclaren,9,15,0,0.0
2022,13,MAG,haas,13,16,0,0.0
2022,13,ALB,williams,17,17,0,0.0
2022,13,LAT,williams,19,18,0,0.0
2022,13,TSU,alphatauri,16,19,0,0.0
2022,13,BOT,alfa,8,20,1,0.0
2022,14,VER,red_bull,14,1,0,26.0
2022,14,PER,red_bull,2,2,0,18.0
2022,14,SAI,ferrari,1,3,0,15.0
2022,14,RUS,mercedes,5,4,0,12.0
2022,14,ALO,alpine,3,5,0,10.0
2022,14,LEC,ferrari,15,6,0,8.0
2022,14,OCO,alpine,16,7,0,6.0
2022,14,VET,aston_martin,10,8,0,4.0
2022,14,GAS,alphatauri,0,9,0,2.0
2022,14,ALB,williams,6,10,0,1.0
2022,14,STR,aston_martin,9,11,0,0.0
2022,14,NOR,mclaren,17,12,0,0.0
2022,14,TSU,alphatauri,0,13,0,0.0
2022,14,ZHO,alfa,18,14,0,0.0
2022,14,RIC,mclaren,7,15,0,0.0
2022,14,MAG,haas,12,16,0,0.0
2022,14,MSC,haas,19,17,0,0.0
2022,14,LAT,williams,11,18,0,0.0
2022,14,BOT,alfa,13,19,1,0.0
2022,14,HAM,mercedes,4,20,1,0.0
2022,15,VER,red_bull,1,1,0,26.0
2022,15,RUS,mercedes,6,2,0,18.0
2022,15,LEC,ferrari,2,3,0,15.0
2022,15,HAM,mercedes,4,4,0,12.0
2022,15,PER,red_bull,5,5,0,10.0
2022,15,ALO,alpine,13,6,0,8.0
2022,15,NOR,mclaren,7,7,0,6.0
2022,15,SAI,ferrari,3,8,0,4.0
2022,15,OCO,alpine,12,9,0,2.0
2022,15,STR,aston_martin,10,10,0,1.0
2022,15,GAS,alphatauri,11,11,0,0.0
2022,15,ALB,williams,15,12,0,0.0
2022,15,MSC,haas,8,13,0,0.0
2022,15,VET,aston_martin,19,14,0,0.0
2022,15,MAG,haas,18,15,0,0.0
2022,15,ZHO,alfa,14,16,0,0.0
2022,15,RIC,mclaren,17,17,0,0.0
2022,15,LAT,williams,20,18,0,0.0
2022,15,BOT,alfa,16,19,1,0.0
2022,15,TSU,alphatauri,9,20,1,0.0
2022,16,VER,red_bull,7,1,0,25.0
2022,16,LEC,ferrari,1,2,0,18.0
2022,16,RUS,mercedes,2,3,0,15.0
2022,16,SAI,ferrari,18,4,0,12.0
2022,16,HAM,mercedes,19,5,0,10.0
2022,16,PER,red_bull,13,6,0,9.0
2022,16,NOR,mclaren,3,7,0,6.0
2022,16,GAS,alphatauri,5,8,0,4.0
2022,16,DEV,williams,8,9,0,2.0
2022,16,ZHO,alfa,9,10,0,1.0
2022,16,OCO,alpine,14,11,0,0.0
2022,16,MSC,haas,17,12,0,0.0
2022,16,BOT,alfa,15,13,0,0.0
2022,16,TSU,alphatauri,20,14,0,0.0
2022,16,LAT,williams,10,15,0,0.0
2022,16,MAG,haas,16,16,0,0.0
2022,16,RIC,mclaren,4,17,1,0.0
2022,16,STR,aston_martin,12,18,1,0.0
2022,16,ALO,alpine,6,19,1,0.0
2022,16,VET,aston_martin,11,20,1,0.0
2022,17,PER,red_bull,2,1,0,25.0
2022,17,LEC,ferrari,1,2,0,18.0
2022,17,SAI,ferrari,4,3,0,15.0
2022,17,NOR,mclaren,6,4,0,12.0
2022,17,RIC,mclaren,16,5,0,10.0
2022,17,STR,aston_martin,11,6,0,8.0
2022,17,VER,red_bull,8,7,0,6.0
2022,17,VET,aston_martin,13,8,0,4.0
2022,17,HAM,mercedes,3,9,0,2.0
2022,17,GAS,alphatauri,7,10,0,1.0
2022,17,BOT,alfa,15,11,0,0.0
2022,17,MAG,haas,9,12,0,0.0
2022,17,MSC,haas,12,13,0,0.0
2022,17,RUS,mercedes,0,14,0,0.0
2022,17,TSU,alphatauri,10,15,1,0.0
2022,17,OCO,alpine,17,16,1,0.0
2022,17,ALB,williams,18,17,1,0.0
2022,17,ALO,alpine,5,18,1,0.0
2022,17,LAT,williams,19,19,1,0.0
2022,17,ZHO,alfa,14,20,1,0.0
2022,18,VER,red_bull,1,1,0,25.0
2022,18,PER,red_bull,4,2,0,18.0
2022,18,LEC,ferrari,2,3,0,15.0
2022,18,OCO,alpine,5,4,0,12.0
2022,18,HAM,mercedes,6,5,0,10.0
2022,18,VET,aston_martin,9,6,0,8.0
2022,18,ALO,alpine,7,7,0,6.0
2022,18,RUS,mercedes,8,8,0,4.0
2022,18,LAT,williams,20,9,0,2.0
2022,18,NOR,mclaren,10,10,0,1.0
2022,18,RIC,mclaren,11,11,0,0.0
2022,18,STR,aston_martin,19,12,0,0.0
2022,18,TSU,alphatauri,13,13,0,0.0
2022,18,MAG,haas,18,14,0,0.0
2022,18,BOT,alfa,12,15,0,0.0
2022,18,ZHO,alfa,14,16,0,0.0
2022,18,MSC,haas,15,17,0,0.0
2022,18,GAS,alphatauri,17,18,0,0.0
2022,18,SAI,ferrari,3,19,1,0.0
2022,18,ALB,williams,16,20,1,0.0
2022,19,VER,red_bull,2,1,0,25.0
2022,19,HAM,mercedes,3,2,0,18.0
2022,19,LEC,ferrari,12,3,0,15.0
2022,19,PER,red_bull,9,4,0,12.0
2022,19,RUS,mercedes,4,5,0,11.0
2022,19,NOR,mclaren,6,6,0,8.0
2022,19,ALO,alpine,14,7,0,6.0
2022,19,VET,aston_martin,10,8,0,4.0
2022,19,MAG,haas,13,9,0,2.0
2022,19,TSU,alphatauri,19,10,0,1.0
2022,19,OCO,alpine,0,11,0,0.0
2022,19,ZHO,alfa,18,12,0,0.0
2022,19,ALB,williams,8,13,0,0.0
2022,19,GAS,alphatauri,11,14,0,0.0
2022,19,MSC,haas,16,15,0,0.0
2022,19,RIC,mclaren,15,16,0,0.0
2022,19,LAT,williams,17,17,0,0.0
2022,19,STR,aston_martin,5,18,1,0.0
2022,19,BOT,alfa,7,19,1,0.0
2022,19,SAI,ferrari,1,20,1,0.0
2022,20,VER,red_bull,1,1,0,25.0
2022,20,HAM,mercedes,3,2,0,18.0
2022,20,PER,red_bull,4,3,0,15.0
2022,20,RUS,mercedes,2,4,0,13.0
2022,20,SAI,ferrari,5,5,0,10.0
2022,20,LEC,ferrari,7,6,0,8.0
2022,20,RIC,mclaren,11,7,0,6.0
2022,20,OCO,alpine,10,8,0,4.0
2022,20,NOR,mclaren,8,9,0,2.0
2022,20,BOT,alfa,6,10,0,1.0
2022,20,GAS,alphatauri,14,11,0,0.0
2022,20,ALB,williams,17,12,0,0.0
2022,20,ZHO,alfa,12,13,0,0.0
2022,20,VET,aston_martin,16,14,0,0.0
2022,20,STR,aston_martin,20,15,0,0.0
2022,20,MSC,haas,15,16,0,0.0
2022,20,MAG,haas,19,17,0,0.0
2022,20,LAT,williams,18,18,0,0.0
2022,20,ALO,alpine,9,19,1,0.0
2022,20,TSU,alphatauri,13,20,1,0.0
2022,21,RUS,mercedes,1,1,0,26.0
2022,21,HAM,mercedes,2,2,0,18.0
2022,21,SAI,ferrari,7,3,0,15.0
2022,21,LEC,ferrari,5,4,0,12.0
2022,21,ALO,alpine,17,5,0,10.0
2022,21,VER,red_bull,3,6,0,8.0
2022,21,PER,red_bull,4,7,0,6.0
2022,21,OCO,alpine,16,8,0,4.0
2022,21,BOT,alfa,14,9,0,2.0
2022,21,STR,aston_martin,15,10,0,1.0
2022,21,VET,aston_martin,9,11,0,0.0
2022,21,ZHO,alfa,13,12,0,0.0
2022,21,MSC,haas,12,13,0,0.0
2022,21,GAS,alphatauri,10,14,0,0.0
2022,21,ALB,williams,19,15,0,0.0
2022,21,LAT,williams,18,16,0,0.0
2022,21,TSU,alphatauri,0,17,0,0.0
2022,21,NOR,mclaren,6,18,1,0.0
2022,21,MAG,haas,8,19,1,0.0
2022,21,RIC,mclaren,11,20,1,0.0
2022,22,VER,red_bull,1,1,0,25.0
2022,22,LEC,ferrari,3,2,0,18.0
2022,22,PER,red_bull,2,3,0,15.0
2022,22,SAI,ferrari,4,4,0,12.0
2022,22,RUS,mercedes,6,5,0,10.0
2022,22,NOR,mclaren,7,6,0,9.0
2022,22,OCO,alpine,8,7,0,6.0
2022,22,STR,aston_martin,14,8,0,4.0
2022,22,RIC,mclaren,13,9,0,2.0
2022,22,VET,aston_martin,9,10,0,1.0
2022,22,TSU,alphatauri,11,11,0,0.0
2022,22,ZHO,alfa,15,12,0,0.0
2022,22,ALB,williams,19,13,0,0.0
2022,22,GAS,alphatauri,17,14,0,0.0
2022,22,BOT,alfa,18,15,0,0.0
2022,22,MSC,haas,12,16,0,0.0
2022,22,MAG,haas,16,17,0,0.0
2022,22,HAM,mercedes,5,18,1,0.0
2022,22,LAT,williams,20,19,1,0.0
2022,22,ALO,alpine,10,20,1,0.0
2023,1,VER,red_bull,1,1,0,25.0
2023,1,PER,red_bull,2,2,0,18.0
2023,1,ALO,aston_martin,5,3,0,15.0
2023,1,SAI,ferrari,4,4,0,12.0
2023,1,HAM,mercedes,7,5,0,10.0
2023,1,STR,aston_martin,8,6,0,8.0
2023,1,RUS,mercedes,6,7,0,6.0
2023,1,BOT,alfa,12,8,0,4.0
2023,1,GAS,alpine,20,9,0,2.0
2023,1,ALB,williams,15,10,0,1.0
2023,1,TSU,alphatauri,14,11,0,0.0
2023,1,SAR,williams,16,12,1,0.0
2023,1,MAG,haas,17,13,1,0.0
2023,1,DEV,alphatauri,19,14,1,0.0
2023,1,HUL,haas,10,15,1,0.0
2023,1,ZHO,alfa,13,16,1,0.0
2023,1,NOR,mclaren,11,17,1,0.0
2023,1,OCO,alpine,9,18,1,0.0
2023,1,LEC,ferrari,3,19,1,0.0
2023,1,PIA,mclaren,18,20,1,0.0
2023,2,PER,red_bull,1,1,0,25.0
2023,2,VER,red_bull,15,2,0,19.0
2023,2,ALO,aston_martin,2,3,0,15.0
2023,2,RUS,mercedes,3,4,0,12.0
2023,2,HAM,mercedes,7,5,0,10.0
2023,2,SAI,ferrari,4,6,0,8.0
2023,2,LEC,ferrari,12,7,0,6.0
2023,2,OCO,alpine,6,8,0,4.0
2023,2,GAS,alpine,9,9,0,2.0
2023,2,MAG,haas,13,10,0,1.0
2023,2,TSU,alphatauri,16,11,0,0.0
2023,2,HUL,haas,10,12,0,0.0
2023,2,ZHO,alfa,11,13,0,0.0
2023,2,DEV,alphatauri,18,14,0,0.0
2023,2,PIA,mclaren,8,15,0,0.0
2023,2,SAR,williams,20,16,0,0.0
2023,2,NOR,mclaren,19,17,0,0.0
2023,2,BOT,alfa,14,18,1,0.0
2023,2,ALB,williams,17,19,1,0.0
2023,2,STR,aston_martin,5,20,1,0.0
2023,3,VER,red_bull,1,1,0,25.0
2023,3,HAM,mercedes,3,2,0,18.0
2023,3,ALO,aston_martin,4,3,0,15.0
2023,3,STR,aston_martin,6,4,0,12.0
2023,3,PER,red_bull,20,5,0,11.0
2023,3,NOR,mclaren,13,6,0,8.0
2023,3,HUL,haas,10,7,0,6.0
2023,3,PIA,mclaren,16,8,0,4.0
2023,3,ZHO,alfa,17,9,0,2.0
2023,3,TSU,alphatauri,12,10,0,1.0
2023,3,BOT,alfa,19,11,0,0.0
2023,3,SAI,ferrari,5,12,0,0.0
2023,3,GAS,alpine,9,13,1,0.0
2023,3,OCO,alpine,11,14,1,0.0
2023,3,DEV,alphatauri,15,15,1,0.0
2023,3,SAR,williams,18,16,1,0.0
2023,3,MAG,haas,14,17,1,0.0
2023,3,RUS,mercedes,2,18,1,0.0
2023,3,ALB,williams,8,19,1,0.0
2023,3,LEC,ferrari,7,20,1,0.0
2023,4,PER,red_bull,3,1,0,25.0
2023,4,VER,red_bull,2,2,0,18.0
2023,4,LEC,ferrari,1,3,0,15.0
2023,4,ALO,aston_martin,6,4,0,12.0
2023,4,SAI,ferrari,4,5,0,10.0
2023,4,HAM,mercedes,5,6,0,8.0
2023,4,STR,aston_martin,9,7,0,6.0
2023,4,RUS,mercedes,11,8,0,5.0
2023,4,NOR,mclaren,7,9,0,2.0
2023,4,TSU,alphatauri,8,10,0,1.0
2023,4,PIA,mclaren,10,11,0,0.0
2023,4,ALB,williams,12,12,0,0.0
2023,4,MAG,haas,16,13,0,0.0
2023,4,GAS,alpine,17,14,0,0.0
2023,4,OCO,alpine,19,15,0,0.0
2023,4,SAR,williams,14,16,0,0.0
2023,4,HUL,haas,20,17,1,0.0
2023,4,BOT,alfa,13,18,1,0.0
2023,4,ZHO,alfa,15,19,1,0.0
2023,4,DEV,alphatauri,18,20,1,0.0
2023,5,VER,red_bull,9,1,0,26.0
2023,5,PER,red_bull,1,2,0,18.0
2023,5,ALO,aston_martin,2,3,0,15.0
2023,5,RUS,mercedes,6,4,0,12.0
2023,5,SAI,ferrari,3,5,0,10.0
2023,5,HAM,mercedes,13,6,0,8.0
2023,5,LEC,ferrari,7,7,0,6.0
2023,5,GAS,alpine,5,8,0,4.0
2023,5,OCO,alpine,8,9,0,2.0
2023,5,MAG,haas,4,10,0,1.0
2023,5,TSU,alphatauri,17,11,0,0.0
2023,5,STR,aston_martin,18,12,0,0.0
2023,5,BOT,alfa,10,13,0,0.0
2023,5,ALB,williams,11,14,0,0.0
2023,5,HUL,haas,12,15,0,0.0
2023,5,ZHO,alfa,14,16,0,0.0
2023,5,NOR,mclaren,16,17,0,0.0
2023,5,DEV,alphatauri,15,18,0,0.0
2023,5,PIA,mclaren,19,19,1,0.0
2023,5,SAR,williams,20,20,1,0.0
2023,6,VER,red_bull,1,1,0,25.0
2023,6,ALO,aston_martin,2,2,0,18.0
2023,6,OCO,alpine,3,3,0,15.0
2023,6,HAM,mercedes,5,4,0,13.0
2023,6,RUS,mercedes,8,5,0,10.0
2023,6,LEC,ferrari,6,6,0,8.0
2023,6,GAS,alpine,7,7,0,6.0
2023,6,SAI,ferrari,4,8,0,4.0
2023,6,NOR,mclaren,10,9,1,2.0
2023,6,PIA,mclaren,11,10,1,1.0
2023,6,BOT,alfa,15,11,1,0.0
2023,6,DEV,alphatauri,12,12,1,0.0
2023,6,ZHO,alfa,19,13,1,0.0
2023,6,ALB,williams,13,14,1,0.0
2023,6,TSU,alphatauri,9,15,1,0.0
2023,6,PER,red_bull,20,16,1,0.0
2023,6,HUL,haas,18,17,1,0.0
2023,6,SAR,williams,16,18,1,0.0
2023,6,MAG,haas,17,19,1,0.0
2023,6,STR,aston_martin,14,20,1,0.0
2023,7,VER,red_bull,1,1,0,26.0
2023,7,HAM,mercedes,4,2,0,18.0
2023,7,RUS,mercedes,12,3,0,15.0
2023,7,PER,red_bull,11,4,0,12.0
2023,7,SAI,ferrari,2,5,0,10.0
2023,7,STR,aston_martin,5,6,0,8.0
2023,7,ALO,aston_martin,8,7,0,6.0
2023,7,OCO,alpine,6,8,0,4.0
2023,7,ZHO,alfa,13,9,0,2.0
2023,7,GAS,alpine,10,10,0,1.0
2023,7,LEC,ferrari,19,11,0,0.0
2023,7,TSU,alphatauri,15,12,0,0.0
2023,7,PIA,mclaren,9,13,1,0.0
2023,7,DEV,alphatauri,14,14,1,0.0
2023,7,HUL,haas,7,15,1,0.0
2023,7,ALB,williams,18,16,1,0.0
2023,7,NOR,mclaren,3,17,1,0.0
2023,7,MAG,haas,17,18,1,0.0
2023,7,BOT,alfa,16,19,1,0.0
2023,7,SAR,williams,20,20,1,0.0
2023,8,VER,red_bull,1,1,0,25.0
2023,8,ALO,aston_martin,2,2,0,18.0
2023,8,HAM,mercedes,3,3,0,15.0
2023,8,LEC,ferrari,10,4,0,12.0
2023,8,SAI,ferrari,11,5,0,10.0
2023,8,PER,red_bull,12,6,0,9.0
2023,8,ALB,williams,9,7,0,6.0
2023,8,OCO,alpine,6,8,0,4.0
2023,8,STR,aston_martin,16,9,0,2.0
2023,8,BOT,alfa,14,10,0,1.0
2023,8,PIA,mclaren,8,11,0,0.0
2023,8,GAS,alpine,15,12,0,0.0
2023,8,NOR,mclaren,7,13,0,0.0
2023,8,TSU,alphatauri,19,14,0,0.0
2023,8,HUL,haas,5,15,1,0.0
2023,8,ZHO,alfa,20,16,1,0.0
2023,8,MAG,haas,13,17,1,0.0
2023,8,DEV,alphatauri,17,18,1,0.0
2023,8,RUS,mercedes,4,19,1,0.0
2023,8,SAR,williams,18,20,1,0.0
2023,9,VER,red_bull,1,1,0,26.0
2023,9,LEC,ferrari,2,2,0,18.0
2023,9,PER,red_bull,15,3,0,15.0
2023,9,NOR,mclaren,4,4,0,12.0
2023,9,ALO,aston_martin,7,5,0,10.0
2023,9,SAI,ferrari,3,6,0,8.0
2023,9,RUS,mercedes,11,7,0,6.0
2023,9,HAM,mercedes,5,8,0,4.0
2023,9,STR,aston_martin,6,9,0,2.0
2023,9,GAS,alpine,9,10,0,1.0
2023,9,ALB,williams,10,11,0,0.0
2023,9,ZHO,alfa,17,12,1,0.0
2023,9,SAR,williams,18,13,1,0.0
2023,9,OCO,alpine,12,14,1,0.0
2023,9,BOT,alfa,14,15,1,0.0
2023,9,PIA,mclaren,13,16,1,0.0
2023,9,DEV,alphatauri,20,17,1,0.0
2023,9,MAG,haas,19,18,1,0.0
2023,9,TSU,alphatauri,16,19,1,0.0
2023,9,HUL,haas,8,20,1,0.0
2023,10,VER,red_bull,1,1,0,26.0
2023,10,NOR,mclaren,2,2,0,18.0
2023,10,HAM,mercedes,7,3,0,15.0
2023,10,PIA,mclaren,3,4,0,12.0
2023,10,RUS,mercedes,6,5,0,10.0
2023,10,PER,red_bull,15,6,0,8.0
2023,10,ALO,aston_martin,9,7,0,6.0
2023,10,ALB,williams,8,8,0,4.0
2023,10,LEC,ferrari,4,9,0,2.0
2023,10,SAI,ferrari,5,10,0,1.0
2023,10,SAR,williams,14,11,0,0.0
2023,10,BOT,alfa,20,12,0,0.0
2023,10,HUL,haas,11,13,0,0.0
2023,10,STR,aston_martin,12,14,0,0.0
2023,10,ZHO,alfa,17,15,0,0.0
2023,10,TSU,alphatauri,16,16,0,0.0
2023,10,DEV,alphatauri,18,17,0,0.0
2023,10,GAS,alpine,10,18,1,0.0
2023,10,MAG,haas,19,19,1,0.0
2023,10,OCO,alpine,13,20,1,0.0
2023,11,VER,red_bull,2,1,0,26.0
2023,11,NOR,mclaren,3,2,0,18.0
2023,11,PER,red_bull,9,3,0,15.0
2023,11,HAM,mercedes,1,4,0,12.0
2023,11,PIA,mclaren,4,5,0,10.0
2023,11,RUS,mercedes,18,6,0,8.0
2023,11,LEC,ferrari,6,7,0,6.0
2023,11,SAI,ferrari,11,8,0,4.0
2023,11,ALO,aston_martin,8,9,0,2.0
2023,11,STR,aston_martin,14,10,1,1.0
2023,11,ALB,williams,16,11,1,0.0
2023,11,BOT,alfa,7,12,1,0.0
2023,11,RIC,alphatauri,13,13,1,0.0
2023,11,HUL,haas,10,14,1,0.0
2023,11,TSU,alphatauri,17,15,1,0.0
2023,11,ZHO,alfa,5,16,1,0.0
2023,11,MAG,haas,19,17,1,0.0
2023,11,SAR,williams,20,18,1,0.0
2023,11,OCO,alpine,12,19,1,0.0
2023,11,GAS,alpine,15,20,1,0.0
2023,16,VER,red_bull,1,1,0,26.0
2023,16,NOR,mclaren,3,2,0,18.0
2023,16,PIA,mclaren,2,3,0,15.0
2023,16,LEC,ferrari,4,4,0,12.0
2023,16,HAM,mercedes,7,5,0,10.0
2023,16,SAI,ferrari,6,6,0,8.0
2023,16,RUS,mercedes,8,7,0,6.0
2023,16,ALO,aston_martin,10,8,0,4.0
2023,16,OCO,alpine,14,9,0,2.0
2023,16,GAS,alpine,12,10,0,1.0
2023,16,LAW,alphatauri,11,11,1,0.0
2023,16,TSU,alphatauri,9,12,1,0.0
2023,16,ZHO,alfa,19,13,1,0.0
2023,16,HUL,haas,18,14,1,0.0
2023,16,MAG,haas,15,15,1,0.0
2023,16,ALB,williams,13,16,1,0.0
2023,16,SAR,williams,20,17,1,0.0
2023,16,STR,aston_martin,17,18,1,0.0
2023,16,PER,red_bull,5,19,1,0.0
2023,16,BOT,alfa,16,20,1,0.0
2023,20,VER,red_bull,1,1,0,25.0
2023,20,NOR,mclaren,6,2,0,19.0
2023,20,ALO,aston_martin,4,3,0,15.0
2023,20,PER,red_bull,9,4,0,12.0
2023,20,STR,aston_martin,3,5,0,10.0
2023,20,SAI,ferrari,7,6,0,8.0
2023,20,GAS,alpine,15,7,0,6.0
2023,20,HAM,mercedes,5,8,0,4.0
2023,20,TSU,alphatauri,16,9,0,2.0
2023,20,OCO,alpine,14,10,1,1.0
2023,20,SAR,williams,19,11,1,0.0
2023,20,HUL,haas,11,12,1,0.0
2023,20,RIC,alphatauri,17,13,1,0.0
2023,20,PIA,mclaren,10,14,1,0.0
2023,20,RUS,mercedes,8,15,1,0.0
2023,20,BOT,alfa,18,16,1,0.0
2023,20,ZHO,alfa,20,17,1,0.0
2023,20,MAG,haas,12,18,1,0.0
2023,20,ALB,williams,13,19,1,0.0
2023,20,LEC,ferrari,2,20,1,0.0
2024,2,VER,red_bull,1,1,0,25.0
2024,2,PER,red_bull,3,2,0,18.0
2024,2,LEC,ferrari,2,3,0,16.0
2024,2,PIA,mclaren,5,4,0,12.0
2024,2,ALO,aston_martin,4,5,0,10.0
2024,2,RUS,mercedes,7,6,0,8.0
2024,2,BEA,ferrari,11,7,0,6.0
2024,2,NOR,mclaren,6,8,0,4.0
2024,2,HAM,mercedes,8,9,0,2.0
2024,2,HUL,haas,15,10,0,1.0
2024,2,ALB,williams,12,11,0,0.0
2024,2,MAG,haas,13,12,0,0.0
2024,2,OCO,alpine,17,13,1,0.0
2024,2,SAR,williams,19,14,1,0.0
2024,2,TSU,rb,9,15,1,0.0
2024,2,RIC,rb,14,16,1,0.0
2024,2,BOT,sauber,16,17,1,0.0
2024,2,ZHO,sauber,20,18,1,0.0
2024,2,STR,aston_martin,10,19,1,0.0
2024,2,GAS,alpine,18,20,1,0.0
2024,7,VER,red_bull,1,1,0,25.0
2024,7,NOR,mclaren,2,2,0,18.0
2024,7,LEC,ferrari,3,3,0,15.0
2024,7,PIA,mclaren,5,4,0,12.0
2024,7,SAI,ferrari,4,5,0,10.0
2024,7,HAM,mercedes,8,6,0,8.0
2024,7,RUS,mercedes,6,7,0,7.0
2024,7,PER,red_bull,11,8,0,4.0
2024,7,STR,aston_martin,13,9,0,2.0
2024,7,TSU,rb,7,10,1,1.0
2024,7,HUL,haas,10,11,1,0.0
2024,7,MAG,haas,18,12,1,0.0
2024,7,RIC,rb,9,13,1,0.0
2024,7,OCO,alpine,12,14,1,0.0
2024,7,ZHO,sauber,17,15,1,0.0
2024,7,GAS,alpine,15,16,1,0.0
2024,7,SAR,williams,19,17,1,0.0
2024,7,BOT,sauber,16,18,1,0.0
2024,7,ALO,aston_martin,20,19,1,0.0
2024,7,ALB,williams,14,20,1,0.0
2024,12,HAM,mercedes,2,1,0,25.0
2024,12,VER,red_bull,4,2,0,18.0
2024,12,NOR,mclaren,3,3,0,15.0
2024,12,PIA,mclaren,5,4,0,12.0
2024,12,SAI,ferrari,7,5,0,11.0
2024,12,HUL,haas,6,6,0,8.0
2024,12,STR,aston_martin,8,7,0,6.0
2024,12,ALO,aston_martin,10,8,0,4.0
2024,12,ALB,williams,9,9,0,2.0
2024,12,TSU,rb,13,10,0,1.0
2024,12,SAR,williams,12,11,0,0.0
2024,12,MAG,haas,17,12,0,0.0
2024,12,RIC,rb,15,13,1,0.0
2024,12,LEC,ferrari,11,14,1,0.0
2024,12,BOT,sauber,16,15,1,0.0
2024,12,OCO,alpine,18,16,1,0.0
2024,12,PER,red_bull,20,17,1,0.0
2024,12,ZHO,sauber,14,18,1,0.0
2024,12,RUS,mercedes,1,19,1,0.0
2024,12,GAS,alpine,19,20,1,0.0
2024,17,PIA,mclaren,2,1,0,25.0
2024,17,LEC,ferrari,1,2,0,18.0
2024,17,RUS,mercedes,5,3,0,15.0
2024,17,NOR,mclaren,15,4,0,13.0
2024,17,VER,red_bull,6,5,0,10.0
2024,17,ALO,aston_martin,7,6,0,8.0
2024,17,ALB,williams,9,7,0,6.0
2024,17,COL,williams,8,8,0,4.0
2024,17,HAM,mercedes,19,9,0,2.0
2024,17,BEA,haas,10,10,0,1.0
2024,17,HUL,haas,12,11,0,0.0
2024,17,GAS,alpine,18,12,0,0.0
2024,17,RIC,rb,14,13,0,0.0
2024,17,ZHO,sauber,17,14,0,0.0
2024,17,OCO,alpine,20,15,1,0.0
2024,17,BOT,sauber,16,16,1,0.0
2024,17,PER,red_bull,4,17,1,0.0
2024,17,SAI,ferrari,3,18,1,0.0
2024,17,STR,aston_martin,13,19,1,0.0
2024,17,TSU,rb,11,20,1,0.0
2024,22,RUS,mercedes,1,1,0,25.0
2024,22,HAM,mercedes,10,2,0,18.0
2024,22,SAI,ferrari,2,3,0,15.0
2024,22,LEC,ferrari,4,4,0,12.0
2024,22,VER,red_bull,5,5,0,10.0
2024,22,NOR,mclaren,6,6,0,9.0
2024,22,PIA,mclaren,8,7,0,6.0
2024,22,HUL,haas,9,8,0,4.0
2024,22,TSU,rb,7,9,0,2.0
2024,22,PER,red_bull,15,10,0,1.0
2024,22,ALO,aston_martin,16,11,0,0.0
2024,22,MAG,haas,12,12,0,0.0
2024,22,ZHO,sauber,13,13,0,0.0
2024,22,COL,williams,20,14,0,0.0
2024,22,STR,aston_martin,18,15,0,0.0
2024,22,LAW,rb,14,16,0,0.0
2024,22,OCO,alpine,11,17,1,0.0
2024,22,BOT,sauber,19,18,1,0.0
2024,22,ALB,williams,17,19,1,0.0
2024,22,GAS,alpine,3,20,1,0.0
2023,12,VER,red_bull,6,1,0,25.0
2023,12,PER,red_bull,2,2,0,18.0
2023,12,LEC,ferrari,1,3,0,15.0
2023,12,HAM,mercedes,3,4,0,13.0
2023,12,ALO,aston_martin,9,5,0,10.0
2023,12,RUS,mercedes,8,6,0,8.0
2023,12,NOR,mclaren,7,7,0,6.0
2023,12,OCO,alpine,14,8,0,4.0
2023,12,STR,aston_martin,10,9,0,2.0
2023,12,TSU,alphatauri,11,10,0,1.0
2023,12,GAS,alpine,12,11,0,0.0
2023,12,BOT,alfa,13,12,0,0.0
2023,12,ZHO,alfa,17,13,0,0.0
2023,12,ALB,williams,15,14,0,0.0
2023,12,MAG,haas,16,15,0,0.0
2023,12,RIC,alphatauri,19,16,0,0.0
2023,12,SAR,williams,18,17,0,0.0
2023,12,HUL,haas,20,18,0,0.0
2023,12,SAI,ferrari,4,19,1,0.0
2023,12,PIA,mclaren,5,20,1,0.0
2023,13,VER,red_bull,1,1,0,25.0
2023,13,ALO,aston_martin,5,2,0,19.0
2023,13,GAS,alpine,12,3,0,15.0
2023,13,PER,red_bull,7,4,0,12.0
2023,13,SAI,ferrari,6,5,0,10.0
2023,13,HAM,mercedes,13,6,0,8.0
2023,13,NOR,mclaren,2,7,0,6.0
2023,13,ALB,williams,4,8,0,4.0
2023,13,PIA,mclaren,8,9,0,2.0
2023,13,OCO,alpine,16,10,0,1.0
2023,13,STR,aston_martin,11,11,0,0.0
2023,13,HUL,haas,14,12,0,0.0
2023,13,LAW,alphatauri,19,13,0,0.0
2023,13,BOT,alfa,18,14,0,0.0
2023,13,TSU,alphatauri,17,15,0,0.0
2023,13,MAG,haas,0,16,0,0.0
2023,13,RUS,mercedes,3,17,0,0.0
2023,13,ZHO,alfa,15,18,1,0.0
2023,13,LEC,ferrari,9,19,1,0.0
2023,13,SAR,williams,10,20,1,0.0
2023,14,VER,red_bull,2,1,0,25.0
2023,14,PER,red_bull,5,2,0,18.0
2023,14,SAI,ferrari,1,3,0,15.0
2023,14,LEC,ferrari,3,4,0,12.0
2023,14,RUS,mercedes,4,5,0,10.0
2023,14,HAM,mercedes,8,6,0,8.0
2023,14,ALB,williams,6,7,0,6.0
2023,14,NOR,mclaren,9,8,0,4.0
2023,14,ALO,aston_martin,10,9,0,2.0
2023,14,BOT,alfa,14,10,0,1.0
2023,14,LAW,alphatauri,12,11,0,0.0
2023,14,PIA,mclaren,7,12,0,0.0
2023,14,SAR,williams,15,13,0,0.0
2023,14,ZHO,alfa,16,14,0,0.0
2023,14,GAS,alpine,17,15,0,0.0
2023,14,STR,aston_martin,20,16,0,0.0
2023,14,HUL,haas,13,17,1,0.0
2023,14,MAG,haas,19,18,1,0.0
2023,14,OCO,alpine,18,19,1,0.0
2023,14,TSU,alphatauri,11,20,1,0.0
2023,15,SAI,ferrari,1,1,0,25.0
2023,15,NOR,mclaren,4,2,0,18.0
2023,15,HAM,mercedes,5,3,0,16.0
2023,15,LEC,ferrari,3,4,0,12.0
2023,15,VER,red_bull,11,5,0,10.0
2023,15,GAS,alpine,12,6,0,8.0
2023,15,PIA,mclaren,17,7,0,6.0
2023,15,PER,red_bull,13,8,0,4.0
2023,15,LAW,alphatauri,10,9,0,2.0
2023,15,MAG,haas,6,10,0,1.0
2023,15,ALB,williams,14,11,0,0.0
2023,15,ZHO,alfa,19,12,0,0.0
2023,15,HUL,haas,9,13,0,0.0
2023,15,SAR,williams,18,14,0,0.0
2023,15,ALO,aston_martin,7,15,0,0.0
2023,15,RUS,mercedes,2,16,1,0.0
2023,15,BOT,alfa,16,17,1,0.0
2023,15,OCO,alpine,8,18,1,0.0
2023,15,TSU,alphatauri,15,19,1,0.0
2023,15,STR,aston_martin,0,20,1,0.0
2023,17,VER,red_bull,1,1,0,26.0
2023,17,PIA,mclaren,6,2,0,18.0
2023,17,NOR,mclaren,10,3,0,15.0
2023,17,RUS,mercedes,2,4,0,12.0
2023,17,LEC,ferrari,5,5,0,10.0
2023,17,ALO,aston_martin,4,6,0,8.0
2023,17,OCO,alpine,8,7,0,6.0
2023,17,BOT,alfa,9,8,0,4.0
2023,17,ZHO,alfa,19,9,0,2.0
2023,17,PER,red_bull,20,10,0,1.0
2023,17,STR,aston_martin,16,11,0,0.0
2023,17,GAS,alpine,7,12,0,0.0
2023,17,ALB,williams,13,13,0,0.0
2023,17,MAG,haas,18,14,1,0.0
2023,17,TSU,alphatauri,11,15,1,0.0
2023,17,HUL,haas,14,16,1,0.0
2023,17,LAW,alphatauri,17,17,1,0.0
2023,17,SAR,williams,15,18,1,0.0
2023,17,HAM,mercedes,3,19,1,0.0
2023,17,SAI,ferrari,12,20,1,0.0
2023,18,VER,red_bull,6,1,0,25.0
2023,18,NOR,mclaren,2,2,0,18.0
2023,18,SAI,ferrari,4,3,0,15.0
2023,18,PER,red_bull,9,4,0,12.0
2023,18,RUS,mercedes,5,5,0,10.0
2023,18,GAS,alpine,7,6,0,8.0
2023,18,STR,aston_martin,20,7,0,6.0
2023,18,TSU,alphatauri,11,8,0,5.0
2023,18,ALB,williams,15,9,0,2.0
2023,18,SAR,williams,16,10,0,1.0
2023,18,HUL,haas,18,11,0,0.0
2023,18,BOT,alfa,13,12,0,0.0
2023,18,ZHO,alfa,12,13,1,0.0
2023,18,MAG,haas,17,14,1,0.0
2023,18,RIC,alphatauri,14,15,1,0.0
2023,18,ALO,aston_martin,19,16,1,0.0
2023,18,PIA,mclaren,10,17,1,0.0
2023,18,OCO,alpine,8,18,1,0.0
2023,18,HAM,mercedes,3,19,1,0.0
2023,18,LEC,ferrari,1,20,1,0.0
2023,19,VER,red_bull,3,1,0,25.0
2023,19,HAM,mercedes,6,2,0,19.0
2023,19,LEC,ferrari,1,3,0,15.0
2023,19,SAI,ferrari,2,4,0,12.0
2023,19,NOR,mclaren,17,5,0,10.0
2023,19,RUS,mercedes,8,6,0,8.0
2023,19,RIC,alphatauri,4,7,0,6.0
2023,19,PIA,mclaren,7,8,0,4.0
2023,19,ALB,williams,14,9,0,2.0
2023,19,OCO,alpine,15,10,0,1.0
2023,19,GAS,alpine,11,11,0,0.0
2023,19,TSU,alphatauri,18,12,0,0.0
2023,19,HUL,haas,12,13,0,0.0
2023,19,ZHO,alfa,10,14,0,0.0
2023,19,BOT,alfa,9,15,0,0.0
2023,19,SAR,williams,19,16,1,0.0
2023,19,STR,aston_martin,0,17,1,0.0
2023,19,ALO,aston_martin,13,18,1,0.0
2023,19,MAG,haas,16,19,1,0.0
2023,19,PER,red_bull,5,20,1,0.0
2023,21,VER,red_bull,2,1,0,25.0
2023,21,LEC,ferrari,1,2,0,18.0
2023,21,PER,red_bull,11,3,0,15.0
2023,21,OCO,alpine,16,4,0,12.0
2023,21,STR,aston_martin,19,5,0,10.0
2023,21,SAI,ferrari,12,6,0,8.0
2023,21,HAM,mercedes,10,7,0,6.0
2023,21,RUS,mercedes,3,8,0,4.0
2023,21,ALO,aston_martin,9,9,0,2.0
2023,21,PIA,mclaren,18,10,0,2.0
2023,21,GAS,alpine,4,11,0,0.0
2023,21,ALB,williams,5,12,0,0.0
2023,21,MAG,haas,8,13,0,0.0
2023,21,RIC,alphatauri,14,14,0,0.0
2023,21,ZHO,alfa,17,15,0,0.0
2023,21,SAR,williams,6,16,0,0.0
2023,21,BOT,alfa,7,17,0,0.0
2023,21,TSU,alphatauri,20,18,1,0.0
2023,21,HUL,haas,13,19,1,0.0
2023,21,NOR,mclaren,15,20,1,0.0
2023,22,VER,red_bull,1,1,0,26.0
2023,22,LEC,ferrari,2,2,0,18.0
2023,22,RUS,mercedes,4,3,0,15.0
2023,22,PER,red_bull,9,4,0,12.0
2023,22,NOR,mclaren,5,5,0,10.0
2023,22,PIA,mclaren,3,6,0,8.0
2023,22,ALO,aston_martin,7,7,0,6.0
2023,22,TSU,alphatauri,6,8,0,4.0
2023,22,HAM,mercedes,11,9,0,2.0
2023,22,STR,aston_martin,13,10,0,1.0
2023,22,RIC,alphatauri,15,11,0,0.0
2023,22,OCO,alpine,12,12,0,0.0
2023,22,GAS,alpine,10,13,0,0.0
2023,22,ALB,williams,14,14,0,0.0
2023,22,HUL,haas,8,15,0,0.0
2023,22,SAR,williams,20,16,0,0.0
2023,22,ZHO,alfa,19,17,0,0.0
2023,22,SAI,ferrari,16,18,1,0.0
2023,22,BOT,alfa,18,19,1,0.0
2023,22,MAG,haas,17,20,1,0.0
2024,1,VER,red_bull,1,1,0,26.0
2024,1,PER,red_bull,5,2,0,18.0
2024,1,SAI,ferrari,4,3,0,15.0
2024,1,LEC,ferrari,2,4,0,12.0
2024,1,RUS,mercedes,3,5,0,10.0
2024,1,NOR,mclaren,7,6,0,8.0
2024,1,HAM,mercedes,9,7,0,6.0
2024,1,PIA,mclaren,8,8,0,4.0
2024,1,ALO,aston_martin,6,9,0,2.0
2024,1,STR,aston_martin,12,10,0,1.0
2024,1,ZHO,sauber,17,11,1,0.0
2024,1,MAG,haas,15,12,1,0.0
2024,1,RIC,rb,14,13,1,0.0
2024,1,TSU,rb,11,14,1,0.0
2024,1,ALB,williams,13,15,1,0.0
2024,1,HUL,haas,10,16,1,0.0
2024,1,OCO,alpine,19,17,1,0.0
2024,1,GAS,alpine,20,18,1,0.0
2024,1,BOT,sauber,16,19,1,0.0
2024,1,SAR,williams,18,20,1,0.0
2024,3,SAI,ferrari,2,1,0,25.0
2024,3,LEC,ferrari,4,2,0,19.0
2024,3,NOR,mclaren,3,3,0,15.0
2024,3,PIA,mclaren,5,4,0,12.0
2024,3,PER,red_bull,6,5,0,10.0
2024,3,STR,aston_martin,9,6,0,8.0
2024,3,TSU,rb,8,7,0,6.0
2024,3,ALO,aston_martin,10,8,0,4.0
2024,3,HUL,haas,16,9,0,2.0
2024,3,MAG,haas,14,10,1,1.0
2024,3,ALB,williams,12,11,1,0.0
2024,3,RIC,rb,18,12,1,0.0
2024,3,GAS,alpine,17,13,1,0.0
2024,3,BOT,sauber,13,14,1,0.0
2024,3,ZHO,sauber,19,15,1,0.0
2024,3,OCO,alpine,15,16,1,0.0
2024,3,RUS,mercedes,7,17,1,0.0
2024,3,HAM,mercedes,11,18,1,0.0
2024,3,VER,red_bull,1,19,1,0.0
2024,4,VER,red_bull,1,1,0,26.0
2024,4,PER,red_bull,2,2,0,18.0
2024,4,SAI,ferrari,4,3,0,15.0
2024,4,LEC,ferrari,8,4,0,12.0
2024,4,NOR,mclaren,3,5,0,10.0
2024,4,ALO,aston_martin,5,6,0,8.0
2024,4,RUS,mercedes,9,7,0,6.0
2024,4,PIA,mclaren,6,8,0,4.0
2024,4,HAM,mercedes,7,9,0,2.0
2024,4,TSU,rb,10,10,1,1.0
2024,4,HUL,haas,12,11,1,0.0
2024,4,STR,aston_martin,16,12,1,0.0
2024,4,MAG,haas,18,13,1,0.0
2024,4,BOT,sauber,13,14,1,0.0
2024,4,OCO,alpine,15,15,1,0.0
2024,4,GAS,alpine,17,16,1,0.0
2024,4,SAR,williams,19,17,1,0.0
2024,4,ZHO,sauber,20,18,1,0.0
2024,4,RIC,rb,11,19,1,0.0
2024,4,ALB,williams,14,20,1,0.0
2024,5,VER,red_bull,1,1,0,25.0
2024,5,NOR,mclaren,4,2,0,18.0
2024,5,PER,red_bull,2,3,0,15.0
2024,5,LEC,ferrari,6,4,0,12.0
2024,5,SAI,ferrari,7,5,0,10.0
2024,5,RUS,mercedes,8,6,0,8.0
2024,5,ALO,aston_martin,3,7,0,7.0
2024,5,PIA,mclaren,5,8,0,4.0
2024,5,HAM,mercedes,18,9,0,2.0
2024,5,HUL,haas,9,10,0,1.0
2024,5,OCO,alpine,13,11,0,0.0
2024,5,ALB,williams,14,12,0,0.0
2024,5,GAS,alpine,15,13,0,0.0
2024,5,ZHO,sauber,16,14,0,0.0
2024,5,STR,aston_martin,11,15,0,0.0
2024,5,MAG,haas,17,16,0,0.0
2024,5,SAR,williams,20,17,0,0.0
2024,5,RIC,rb,12,18,1,0.0
2024,5,TSU,rb,19,19,1,0.0
2024,5,BOT,sauber,10,20,1,0.0
2024,6,NOR,mclaren,5,1,0,25.0
2024,6,VER,red_bull,1,2,0,18.0
2024,6,LEC,ferrari,2,3,0,15.0
2024,6,PER,red_bull,4,4,0,12.0
2024,6,SAI,ferrari,3,5,0,10.0
2024,6,HAM,mercedes,8,6,0,8.0
2024,6,TSU,rb,10,7,0,6.0
2024,6,RUS,mercedes,7,8,0,4.0
2024,6,ALO,aston_martin,15,9,0,2.0
2024,6,OCO,alpine,13,10,0,1.0
2024,6,HUL,haas,9,11,0,0.0
2024,6,GAS,alpine,12,12,0,0.0
2024,6,PIA,mclaren,6,13,0,0.0
2024,6,ZHO,sauber,19,14,0,0.0
2024,6,RIC,rb,20,15,0,0.0
2024,6,BOT,sauber,16,16,0,0.0
2024,6,STR,aston_martin,11,17,0,0.0
2024,6,ALB,williams,14,18,0,0.0
2024,6,MAG,haas,18,19,0,0.0
2024,6,SAR,williams,17,20,1,0.0
2024,8,LEC,ferrari,1,1,0,25.0
2024,8,PIA,mclaren,2,2,0,18.0
2024,8,SAI,ferrari,3,3,0,15.0
2024,8,NOR,mclaren,4,4,0,12.0
2024,8,RUS,mercedes,5,5,0,10.0
2024,8,VER,red_bull,6,6,0,8.0
2024,8,HAM,mercedes,7,7,0,7.0
2024,8,TSU,rb,8,8,1,4.0
2024,8,ALB,williams,9,9,1,2.0
2024,8,GAS,alpine,10,10,1,1.0
2024,8,ALO,aston_martin,14,11,1,0.0
2024,8,RIC,rb,12,12,1,0.0
2024,8,BOT,sauber,17,13,1,0.0
2024,8,STR,aston_martin,13,14,1,0.0
2024,8,SAR,williams,15,15,1,0.0
2024,8,ZHO,sauber,18,16,1,0.0
2024,8,OCO,alpine,11,17,1,0.0
2024,8,PER,red_bull,16,18,1,0.0
2024,8,HUL,haas,19,19,1,0.0
2024,8,MAG,haas,20,20,1,0.0
2024,9,VER,red_bull,2,1,0,25.0
2024,9,NOR,mclaren,3,2,0,18.0
2024,9,RUS,mercedes,1,3,0,15.0
2024,9,HAM,mercedes,7,4,0,13.0
2024,9,PIA,mclaren,4,5,0,10.0
2024,9,ALO,aston_martin,6,6,0,8.0
2024,9,STR,aston_martin,9,7,0,6.0
2024,9,RIC,rb,5,8,0,4.0
2024,9,GAS,alpine,15,9,0,2.0
2024,9,OCO,alpine,18,10,0,1.0
2024,9,HUL,haas,17,11,0,0.0
2024,9,MAG,haas,14,12,0,0.0
2024,9,BOT,sauber,19,13,0,0.0
2024,9,TSU,rb,8,14,0,0.0
2024,9,ZHO,sauber,20,15,1,0.0
2024,9,SAI,ferrari,12,16,1,0.0
2024,9,ALB,williams,10,17,1,0.0
2024,9,PER,red_bull,16,18,1,0.0
2024,9,LEC,ferrari,11,19,1,0.0
2024,9,SAR,williams,13,20,1,0.0
2024,10,VER,red_bull,2,1,0,25.0
2024,10,NOR,mclaren,1,2,0,19.0
2024,10,HAM,mercedes,3,3,0,15.0
2024,10,RUS,mercedes,4,4,0,12.0
2024,10,LEC,ferrari,5,5,0,10.0
2024,10,SAI,ferrari,6,6,0,8.0
2024,10,PIA,mclaren,9,7,0,6.0
2024,10,PER,red_bull,11,8,0,4.0
2024,10,GAS,alpine,7,9,0,2.0
2024,10,OCO,alpine,8,10,0,1.0
2024,10,HUL,haas,13,11,0,0.0
2024,10,ALO,aston_martin,10,12,1,0.0
2024,10,ZHO,sauber,15,13,1,0.0
2024,10,STR,aston_martin,14,14,1,0.0
2024,10,RIC,rb,18,15,1,0.0
2024,10,BOT,sauber,12,16,1,0.0
2024,10,MAG,haas,16,17,1,0.0
2024,10,ALB,williams,20,18,1,0.0
2024,10,TSU,rb,17,19,1,0.0
2024,10,SAR,williams,19,20,1,0.0
2024,11,RUS,mercedes,3,1,0,25.0
2024,11,PIA,mclaren,7,2,0,18.0
2024,11,SAI,ferrari,4,3,0,15.0
2024,11,HAM,mercedes,5,4,0,12.0
2024,11,VER,red_bull,1,5,0,10.0
2024,11,HUL,haas,9,6,0,8.0
2024,11,PER,red_bull,8,7,0,6.0
2024,11,MAG,haas,12,8,0,4.0
2024,11,RIC,rb,11,9,0,2.0
2024,11,GAS,alpine,13,10,0,1.0
2024,11,LEC,ferrari,6,11,0,0.0
2024,11,OCO,alpine,10,12,0,0.0
2024,11,STR,aston_martin,17,13,1,0.0
2024,11,TSU,rb,14,14,1,0.0
2024,11,ALB,williams,16,15,1,0.0
2024,11,BOT,sauber,18,16,1,0.0
2024,11,ZHO,sauber,20,17,1,0.0
2024,11,ALO,aston_martin,15,18,1,0.0
2024,11,SAR,williams,19,19,1,0.0
2024,11,NOR,mclaren,2,20,1,0.0
2024,13,PIA,mclaren,2,1,0,25.0
2024,13,NOR,mclaren,1,2,0,18.0
2024,13,HAM,mercedes,5,3,0,15.0
2024,13,LEC,ferrari,6,4,0,12.0
2024,13,VER,red_bull,3,5,0,10.0
2024,13,SAI,ferrari,4,6,0,8.0
2024,13,PER,red_bull,16,7,0,6.0
2024,13,RUS,mercedes,17,8,0,5.0
2024,13,TSU,rb,10,9,0,2.0
2024,13,STR,aston_martin,8,10,0,1.0
2024,13,ALO,aston_martin,7,11,0,0.0
2024,13,RIC,rb,9,12,1,0.0
2024,13,HUL,haas,11,13,1,0.0
2024,13,ALB,williams,13,14,1,0.0
2024,13,MAG,haas,15,15,1,0.0
2024,13,BOT,sauber,12,16,1,0.0
2024,13,SAR,williams,14,17,1,0.0
2024,13,OCO,alpine,19,18,1,0.0
2024,13,ZHO,sauber,18,19,1,0.0
2024,13,GAS,alpine,20,20,1,0.0
2024,14,HAM,mercedes,3,1,0,25.0
2024,14,PIA,mclaren,5,2,0,18.0
2024,14,LEC,ferrari,1,3,0,15.0
2024,14,VER,red_bull,11,4,0,12.0
2024,14,NOR,mclaren,4,5,0,10.0
2024,14,SAI,ferrari,7,6,0,8.0
2024,14,PER,red_bull,2,7,0,7.0
2024,14,ALO,aston_martin,8,8,0,4.0
2024,14,OCO,alpine,9,9,0,2.0
2024,14,RIC,rb,13,10,0,1.0
2024,14,STR,aston_martin,15,11,0,0.0
2024,14,ALB,williams,10,12,0,0.0
2024,14,GAS,alpine,12,13,0,0.0
2024,14,MAG,haas,17,14,0,0.0
2024,14,BOT,sauber,14,15,0,0.0
2024,14,TSU,rb,20,16,0,0.0
2024,14,SAR,williams,18,17,0,0.0
2024,14,HUL,haas,16,18,0,0.0
2024,14,ZHO,sauber,19,19,1,0.0
2024,14,RUS,mercedes,6,20,1,0.0
2024,15,NOR,mclaren,1,1,0,26.0
2024,15,VER,red_bull,2,2,0,18.0
2024,15,LEC,ferrari,6,3,0,15.0
2024,15,PIA,mclaren,3,4,0,12.0
2024,15,SAI,ferrari,10,5,0,10.0
2024,15,PER,red_bull,5,6,0,8.0
2024,15,RUS,mercedes,4,7,0,6.0
2024,15,HAM,mercedes,14,8,0,4.0
2024,15,GAS,alpine,9,9,1,2.0
2024,15,ALO,aston_martin,7,10,1,1.0
2024,15,HUL,haas,12,11,1,0.0
2024,15,RIC,rb,13,12,1,0.0
2024,15,STR,aston_martin,8,13,1,0.0
2024,15,ALB,williams,19,14,1,0.0
2024,15,OCO,alpine,15,15,1,0.0
2024,15,SAR,williams,18,16,1,0.0
2024,15,TSU,rb,11,17,1,0.0
2024,15,MAG,haas,20,18,1,0.0
2024,15,BOT,sauber,16,19,1,0.0
2024,15,ZHO,sauber,17,20,1,0.0
2024,16,LEC,ferrari,4,1,0,25.0
2024,16,PIA,mclaren,2,2,0,18.0
2024,16,NOR,mclaren,1,3,0,16.0
2024,16,SAI,ferrari,5,4,0,12.0
2024,16,HAM,mercedes,6,5,0,10.0
2024,16,VER,red_bull,7,6,0,8.0
2024,16,RUS,mercedes,3,7,0,6.0
2024,16,PER,red_bull,8,8,0,4.0
2024,16,ALB,williams,9,9,0,2.0
2024,16,MAG,haas,13,10,0,1.0
2024,16,ALO,aston_martin,11,11,0,0.0
2024,16,COL,williams,18,12,0,0.0
2024,16,RIC,rb,12,13,0,0.0
2024,16,OCO,alpine,15,14,1,0.0
2024,16,GAS,alpine,14,15,1,0.0
2024,16,BOT,sauber,19,16,1,0.0
2024,16,HUL,haas,10,17,1,0.0
2024,16,ZHO,sauber,20,18,1,0.0
2024,16,STR,aston_martin,17,19,1,0.0
2024,16,TSU,rb,16,20,1,0.0
2024,18,NOR,mclaren,1,1,0,25.0
2024,18,VER,red_bull,2,2,0,18.0
2024,18,PIA,mclaren,5,3,0,15.0
2024,18,RUS,mercedes,4,4,0,12.0
2024,18,LEC,ferrari,9,5,0,10.0
2024,18,HAM,mercedes,3,6,0,8.0
2024,18,SAI,ferrari,10,7,0,6.0
2024,18,ALO,aston_martin,7,8,1,4.0
2024,18,HUL,haas,6,9,1,2.0
2024,18,PER,red_bull,13,10,1,1.0
2024,18,COL,williams,12,11,1,0.0
2024,18,TSU,rb,8,12,1,0.0
2024,18,OCO,alpine,15,13,1,0.0
2024,18,STR,aston_martin,17,14,1,0.0
2024,18,ZHO,sauber,20,15,1,0.0
2024,18,BOT,sauber,19,16,1,0.0
2024,18,GAS,alpine,18,17,1,0.0
2024,18,RIC,rb,16,18,1,0.0
2024,18,MAG,haas,14,19,1,0.0
2024,18,ALB,williams,11,20,1,0.0
2024,19,LEC,ferrari,4,1,0,25.0
2024,19,SAI,ferrari,3,2,0,18.0
2024,19,VER,red_bull,2,3,0,15.0
2024,19,NOR,mclaren,1,4,0,12.0
2024,19,PIA,mclaren,5,5,0,10.0
2024,19,RUS,mercedes,20,6,0,8.0
2024,19,PER,red_bull,9,7,0,6.0
2024,19,HUL,haas,11,8,0,4.0
2024,19,LAW,rb,19,9,0,2.0
2024,19,COL,williams,15,10,0,1.0
2024,19,MAG,haas,8,11,0,0.0
2024,19,GAS,alpine,6,12,0,0.0
2024,19,ALO,aston_martin,7,13,1,0.0
2024,19,TSU,rb,10,14,1,0.0
2024,19,STR,aston_martin,13,15,1,0.0
2024,19,ALB,williams,14,16,1,0.0
2024,19,BOT,sauber,16,17,1,0.0
2024,19,OCO,alpine,12,18,1,0.0
2024,19,ZHO,sauber,18,19,1,0.0
2024,19,HAM,mercedes,17,20,1,0.0
2024,20,SAI,ferrari,1,1,0,25.0
2024,20,NOR,mclaren,3,2,0,18.0
2024,20,LEC,ferrari,4,3,0,16.0
2024,20,HAM,mercedes,6,4,0,12.0
2024,20,RUS,mercedes,5,5,0,10.0
2024,20,VER,red_bull,2,6,0,8.0
2024,20,MAG,haas,7,7,0,6.0
2024,20,PIA,mclaren,17,8,0,4.0
2024,20,HUL,haas,10,9,1,2.0
2024,20,GAS,alpine,8,10,1,1.0
2024,20,STR,aston_martin,14,11,1,0.0
2024,20,COL,williams,16,12,1,0.0
2024,20,OCO,alpine,0,13,1,0.0
2024,20,BOT,sauber,15,14,1,0.0
2024,20,ZHO,sauber,19,15,1,0.0
2024,20,LAW,rb,12,16,1,0.0
2024,20,PER,red_bull,18,17,1,0.0
2024,20,ALO,aston_martin,13,18,1,0.0
2024,20,ALB,williams,9,19,1,0.0
2024,20,TSU,rb,11,20,1,0.0
2024,21,VER,red_bull,17,1,0,26.0
2024,21,OCO,alpine,4,2,0,18.0
2024,21,GAS,alpine,13,3,0,15.0
2024,21,RUS,mercedes,2,4,0,12.0
2024,21,LEC,ferrari,6,5,0,10.0
2024,21,NOR,mclaren,1,6,0,8.0
2024,21,TSU,rb,3,7,0,6.0
2024,21,PIA,mclaren,8,8,0,4.0
2024,21,LAW,rb,5,9,0,2.0
2024,21,HAM,mercedes,14,10,0,1.0
2024,21,PER,red_bull,12,11,0,0.0
2024,21,BEA,haas,15,12,0,0.0
2024,21,BOT,sauber,11,13,0,0.0
2024,21,ALO,aston_martin,9,14,0,0.0
2024,21,ZHO,sauber,19,15,0,0.0
2024,21,SAI,ferrari,20,16,1,0.0
2024,21,COL,williams,16,17,1,0.0
2024,21,ALB,williams,7,18,1,0.0
2024,21,STR,aston_martin,10,19,1,0.0
2024,21,HUL,haas,18,20,1,0.0
2024,23,VER,red_bull,2,1,0,25.0
2024,23,LEC,ferrari,5,2,0,18.0
2024,23,PIA,mclaren,4,3,0,15.0
2024,23,RUS,mercedes,1,4,0,12.0
2024,23,GAS,alpine,11,5,0,10.0
2024,23,SAI,ferrari,7,6,0,8.0
2024,23,ALO,aston_martin,8,7,0,6.0
2024,23,ZHO,sauber,12,8,0,4.0
2024,23,MAG,haas,10,9,0,2.0
2024,23,NOR,mclaren,3,10,0,2.0
2024,23,BOT,sauber,13,11,0,0.0
2024,23,HAM,mercedes,6,12,0,0.0
2024,23,TSU,rb,14,13,0,0.0
2024,23,LAW,rb,17,14,0,0.0
2024,23,ALB,williams,16,15,1,0.0
2024,23,HUL,haas,18,16,1,0.0
2024,23,PER,red_bull,9,17,1,0.0
2024,23,STR,aston_martin,15,18,1,0.0
2024,23,COL,williams,19,19,1,0.0
2024,23,OCO,alpine,20,20,1,0.0
2024,24,NOR,mclaren,1,1,0,25.0
2024,24,SAI,ferrari,3,2,0,18.0
2024,24,LEC,ferrari,19,3,0,15.0
2024,24,HAM,mercedes,16,4,0,12.0
2024,24,RUS,mercedes,6,5,0,10.0
2024,24,VER,red_bull,4,6,0,8.0
2024,24,GAS,alpine,5,7,0,6.0
2024,24,HUL,haas,7,8,0,4.0
2024,24,ALO,aston_martin,8,9,0,2.0
2024,24,PIA,mclaren,2,10,0,1.0
2024,24,ALB,williams,18,11,1,0.0
2024,24,TSU,rb,11,12,1,0.0
2024,24,ZHO,sauber,15,13,1,0.0
2024,24,STR,aston_martin,13,14,1,0.0
2024,24,DOO,alpine,17,15,1,0.0
2024,24,MAG,haas,14,16,1,0.0
2024,24,LAW,rb,12,17,1,0.0
2024,24,BOT,sauber,9,18,1,0.0
2024,24,COL,williams,20,19,1,0.0
2024,24,PER,red_bull,10,20,1,0.0
